{
  "eslint.config.js": 1771419220.282396,
  "postcss.config.js": 1771419220.28611,
  "tailwind.config.ts": 1771419220.9166992,
  "vite.config.ts": 1772979071.58946,
  "server\\drizzle.config.ts": 1772887255.3037684,
  "server\\src\\auth.ts": 1773746801.6732693,
  "server\\src\\index.ts": 1775794097.61183,
  "server\\src\\ai\\types.ts": 1775290274.4911978,
  "server\\src\\db\\index.ts": 1775297725.625767,
  "server\\src\\db\\schema.ts": 1775794021.0876596,
  "server\\src\\middleware\\auth.ts": 1773746801.6732693,
  "server\\src\\routes\\ai.ts": 1774020151.2465582,
  "server\\src\\routes\\bible.ts": 1775297725.6302972,
  "server\\src\\routes\\checklist.ts": 1775297725.6328075,
  "server\\src\\routes\\content.ts": 1775286328.3373692,
  "server\\src\\routes\\custom-domains.ts": 1775795119.741825,
  "server\\src\\routes\\finance.ts": 1775283374.7848606,
  "server\\src\\routes\\goals.ts": 1775297725.6347032,
  "server\\src\\routes\\music.ts": 1775285562.3329544,
  "server\\src\\routes\\notes.ts": 1775297725.636338,
  "server\\src\\routes\\projects.ts": 1775297725.6373355,
  "server\\src\\routes\\scripture.ts": 1775297725.6384332,
  "server\\src\\routes\\spiritual.ts": 1775297725.6404276,
  "server\\src\\routes\\tech.ts": 1775287153.2808056,
  "server\\src\\routes\\trading.ts": 1775286702.0148094,
  "server\\src\\routes\\views.ts": 1775276341.4558585,
  "server\\src\\utils\\user-context.ts": 1775275513.7347767,
  "src\\App.tsx": 1775794326.2304,
  "src\\main.tsx": 1771419220.9022067,
  "src\\vite-env.d.ts": 1771419220.9093885,
  "src\\components\\ErrorBoundary.tsx": 1771419220.804418,
  "src\\components\\NavLink.tsx": 1771419220.80514,
  "src\\components\\auth\\ProtectedRoute.tsx": 1771419220.80514,
  "src\\components\\chat\\ChatInterface.tsx": 1771419220.8071504,
  "src\\components\\content\\ContentFolders.tsx": 1775297725.6425643,
  "src\\components\\content\\SavedItems.tsx": 1775297725.643564,
  "src\\components\\custom-domains\\CreateCustomFieldDialog.tsx": 1775795155.4111521,
  "src\\components\\custom-domains\\CreateCustomRecordDialog.tsx": 1775795198.9830246,
  "src\\components\\custom-domains\\CreateDomainDialog.tsx": 1775794184.7515838,
  "src\\components\\dashboard\\ActivityFeed.tsx": 1771419220.8087323,
  "src\\components\\dashboard\\AgentInsights.tsx": 1771419220.8097415,
  "src\\components\\dashboard\\DailyLessons.tsx": 1773680494.4958851,
  "src\\components\\dashboard\\dashboard-layout-utils.ts": 1775289362.6358,
  "src\\components\\dashboard\\dashboard-schema.ts": 1775289243.2571151,
  "src\\components\\dashboard\\DashboardCustomizeSheet.tsx": 1775289695.4678655,
  "src\\components\\dashboard\\DomainCard.tsx": 1771419220.8107176,
  "src\\components\\dashboard\\DomainNavigation.tsx": 1775794303.9234364,
  "src\\components\\dashboard\\DomainProgressRing.tsx": 1771419220.8117266,
  "src\\components\\dashboard\\FocusCard.tsx": 1771419220.813234,
  "src\\components\\dashboard\\QuickActions.tsx": 1771419220.8137875,
  "src\\components\\dashboard\\StreakTracker.tsx": 1771419220.8142993,
  "src\\components\\dashboard\\WeeklyOverview.tsx": 1771419220.8148277,
  "src\\components\\dashboard\\WelcomeHeader.tsx": 1771419220.815379,
  "src\\components\\dashboard\\layouts\\DashboardRenderer.tsx": 1775274256.154954,
  "src\\components\\dashboard\\layouts\\ZenLayout.tsx": 1775794920.4265814,
  "src\\components\\dashboard\\registry\\dashboard-widget-registry.tsx": 1775289300.4374764,
  "src\\components\\dashboard\\widgets\\ActivityChart.tsx": 1771419220.8173895,
  "src\\components\\dashboard\\widgets\\CompletionChart.tsx": 1771419220.8173895,
  "src\\components\\dashboard\\widgets\\CustomBlockWidget.tsx": 1775289269.3698983,
  "src\\components\\dashboard\\widgets\\DailyChecklistPopover.tsx": 1772903367.4950087,
  "src\\components\\dashboard\\widgets\\DevotionBanner.tsx": 1776096131.508862,
  "src\\components\\dashboard\\widgets\\DomainFocusRadar.tsx": 1771419220.8188982,
  "src\\components\\dashboard\\widgets\\DomainLinkCard.tsx": 1771419220.8188982,
  "src\\components\\dashboard\\widgets\\GlowWidget.tsx": 1771419220.8210218,
  "src\\components\\dashboard\\widgets\\GoalProgress.tsx": 1771419220.8216417,
  "src\\components\\dashboard\\widgets\\HabitDetailModal.tsx": 1771419220.822617,
  "src\\components\\dashboard\\widgets\\HabitGrid.tsx": 1771419220.822617,
  "src\\components\\dashboard\\widgets\\HabitTracker.tsx": 1771419220.8236268,
  "src\\components\\dashboard\\widgets\\HeroHeader.tsx": 1776096131.5102658,
  "src\\components\\dashboard\\widgets\\InsightCard.tsx": 1771419220.8246293,
  "src\\components\\dashboard\\widgets\\InteractiveCalendar.tsx": 1771558770.8765306,
  "src\\components\\dashboard\\widgets\\MetricCard.tsx": 1771419220.8246293,
  "src\\components\\dashboard\\widgets\\MetricConfigDialog.tsx": 1771419220.8261375,
  "src\\components\\dashboard\\widgets\\MetricField.tsx": 1771419220.8271465,
  "src\\components\\dashboard\\widgets\\NotesWidget.tsx": 1773680353.1246054,
  "src\\components\\dashboard\\widgets\\PerformanceSummary.tsx": 1771419220.8283222,
  "src\\components\\dashboard\\widgets\\QuickAccessGrid.tsx": 1771419220.8283222,
  "src\\components\\dashboard\\widgets\\QuickAddTaskPopover.tsx": 1771419220.8290446,
  "src\\components\\dashboard\\widgets\\StreakDisplay.tsx": 1771419220.8300552,
  "src\\components\\dashboard\\widgets\\StreakStats.tsx": 1771419220.8300552,
  "src\\components\\dashboard\\widgets\\TaskBreakdown.tsx": 1771419220.831057,
  "src\\components\\dashboard\\widgets\\TaskDetailDialog.tsx": 1771419220.8320546,
  "src\\components\\dashboard\\widgets\\TaskJournalDialog.tsx": 1771419220.8320546,
  "src\\components\\dashboard\\widgets\\TodayTimeline.tsx": 1771419220.8320546,
  "src\\components\\dashboard\\widgets\\WeekBarChart.tsx": 1771419220.8330553,
  "src\\components\\dashboard\\widgets\\WeeklyActivityChart.tsx": 1773756081.725086,
  "src\\components\\finance\\BudgetOverview.tsx": 1775297725.6491413,
  "src\\components\\finance\\ExpenseTracker.tsx": 1775297725.6491413,
  "src\\components\\finance\\InvestmentTracker.tsx": 1775297725.650651,
  "src\\components\\finance\\MarcusChat.tsx": 1771419220.8362112,
  "src\\components\\home\\DailyHabits.tsx": 1773680494.4968858,
  "src\\components\\home\\DevotionWidget.tsx": 1771419220.8382204,
  "src\\components\\home\\MiniCalendar.tsx": 1771419220.8382204,
  "src\\components\\layout\\MainLayout.tsx": 1775297725.650651,
  "src\\components\\layout\\PageTransition.tsx": 1771419220.8392198,
  "src\\components\\music\\AriaChat.tsx": 1771419220.8392198,
  "src\\components\\music\\PracticeTracker.tsx": 1775297725.6516602,
  "src\\components\\music\\RepertoireCard.tsx": 1775297725.65266,
  "src\\components\\notes\\DomainSection.tsx": 1773680353.122604,
  "src\\components\\notes\\EditorToolbar.tsx": 1771419220.8427415,
  "src\\components\\notes\\HubView.tsx": 1773680353.1236062,
  "src\\components\\notes\\JournalEntryForm.tsx": 1773680353.1236062,
  "src\\components\\notes\\JournalList.tsx": 1771419220.844566,
  "src\\components\\notes\\NoteEditor.tsx": 1773680131.218318,
  "src\\components\\notes\\NotesSidebar.tsx": 1773680353.122604,
  "src\\components\\notes\\SidebarFileTree.tsx": 1771558617.2247252,
  "src\\components\\projects\\AddProjectDialog.tsx": 1772981063.878951,
  "src\\components\\projects\\AddProjectTaskDialog.tsx": 1772981063.878951,
  "src\\components\\projects\\ProjectTasks.tsx": 1772980917.181774,
  "src\\components\\shared\\AgentChat.tsx": 1771419220.8470974,
  "src\\components\\shared\\AIChatSidebar.tsx": 1771419220.8470974,
  "src\\components\\shared\\BaseDomainCard.tsx": 1771419220.8486042,
  "src\\components\\shared\\custom-domain-icons.tsx": 1775794141.2037425,
  "src\\components\\shared\\domain-page-config.ts": 1775276917.4833596,
  "src\\components\\shared\\DomainIcon.tsx": 1773680436.640905,